Protocol,Category,Chains,Total 1d,Total 7d,Total 1m,Total 1y,Total All Time,Market Cap
Tether,Stablecoin Issuer,Ethereum,19691548,582805862,6100082381,12740357581,
PancakeSwap,Dexs,BSC, Ethereum, Polygon zkEVM, ZKsync Era, Arbitrum, Linea, Base, opBNB, Aptos,10581183,156438965,939947353,3409670302,755810362.2081187
Circle,Stablecoin Issuer,Ethereum,6342479,190649992,1748359465,4451395733,
Meteora,Dexs,Solana,4690912,160614273,599488595,1159901905,
Uniswap,Dexs,OP Mainnet, Polygon, Base, ZKsync Era, Unichain, Avalanche, Ethereum, Sei, Taiko, Scroll, Rootstock, Filecoin, Boba, Moonbeam, Manta, Mantle, Linea, Polygon zkEVM, Blast, Gnosis, BOB, Lisk, Corn, Goat, BSC, Hemi, Saga, XDC, LightLink, Arbitrum, Lens, Telos, Celo,2859384,100263662,937539713,4593367150,3691553843.6279674
Pump,Dexs,Solana,2763658,72113928,736313097,770145537,
Tron,Chain,Tron,2170688,58688090,643120777,1585604482,
Lido,Liquid Staking,Ethereum,1943106,59258788,885046484,2433521246,709271977.1442624
Hyperliquid,Dexs,Hyperliquid L1,1782395,73745552,273199012,398786489,
AAVE,Lending,Ethereum, OP Mainnet, Arbitrum, Polygon, Avalanche, Fantom, Base, BSC, Metis, Gnosis, Scroll, ZKsync Era, Linea, Sonic, Celo, Soneium,1500104,42588001,468503774,1295440812,3850869032.4278626
Axiom,Trading App,Solana,1455738,57405015,123860620,125316358,
Ethereum,Chain,Ethereum,1334622,46706907,1163594337,20164938765,
Jito,MEV,Solana,1294550,63344517,1132653038,1266747894,619892676.36557
Solana,Chain,Solana,1120493,46370809,964744280,1215603671,
Sky,CDP,Ethereum,935977,27042645,360519441,738364739,
Flashbots,MEV,Ethereum,768259,27046413,450324617,1359953166,
ether.fi,Onchain Capital Allocator,Ethereum,753547,16690921,150937137,152083551,
Binance staked ETH,Liquid Staking,Ethereum, BSC,730730,17602387,63960151,64690881,
Raydium,Dexs,Solana,709671,41919141,1029446276,1194151144,632387685.694311
BSC,Chain,BSC,605214,14949615,193229797,1805215393,
Bitcoin,Chain,Bitcoin,455013,19529792,357154388,4311209086,
Phantom,Wallets,Solana, Ethereum, Base, Polygon,451561,20418965,408714330,409938566,
Aerodrome,Dexs,Base,410186,13869362,167267977,197598248,428792004.236544
Aster,Derivatives,BSC, Arbitrum, opBNB, Base,393040,1285748,7342438,20001845,
Jupiter,DEX Aggregator,Solana,369201,25147366,641638223,741908049,1362255013.6022792
Marinade,Liquid Staking,Solana,352057,11695164,125612769,157434547,46785813.48960597
Kamino,Lending,Solana,311507,10045655,112986680,142166557,108568444.46445307
Morpho,Lending,Ethereum, Base, Polygon, Unichain,297579,7852886,70106572,83574778,
Photon,Trading App,Solana,269446,12773807,340153296,399956677,
Orca,Dexs,Solana, Eclipse,261754,14543699,121948009,121948009,141714784.35371163
UniDerp,Launchpad,Unichain,221447,221491,221491,221491,
Rocket Pool,Liquid Staking,Ethereum,210112,2493891,25146544,25259505,119321707.76087575
GMX,Derivatives,Arbitrum, Avalanche, Solana,207575,6104384,105059380,429164685,156604967.69502303
DoubleUp,Prediction Market,Sui,205813,522048,1112246,1303745,
BONKbot,Telegram Bot,Solana,164574,8109975,143609841,190127663,
Spark,Lending,Ethereum, Gnosis,154763,4776555,99798465,99953228,
Trojan,Telegram Bot,Solana,152748,6870722,159299585,187829958,
Uniswap Labs,Developer Tools,Ethereum, OP Mainnet, Polygon, Arbitrum, Base, BSC, Avalanche,152333,4800512,114588131,154315267,
Fluid,Lending,Ethereum, Arbitrum, Base, Polygon, Avalanche, OP Mainnet,140531,5416895,45123962,54712162,158189915.504639
Coinbase Wallet,Wallets,Ethereum, Base, OP Mainnet, Polygon, BSC, Arbitrum, Avalanche,140200,6563934,61474598,61614798,
EigenLayer,Restaking,Ethereum,128298,6807419,24387154,24503609,436248155.1260625
GMGN,Telegram Bot,Solana,124664,4705680,55947630,55004085,
Base,Rollup,Base,118544,6073837,78740814,139819799,
Compound Finance,Lending,Ethereum, Polygon, Arbitrum, OP Mainnet, Base, Scroll, Mantle, Unichain, Linea,116026,3354038,24966568,527790605,401507165.5549707
edgeX,Derivatives,Ethereum,110553,3337355,5980568,5980568,
Pharaoh Exchange,Dexs,Avalanche,109523,2532892,13222686,14321698,4611141.679830104
BullX,Telegram Bot,Solana,102738,7452000,190994230,189181105,
Maestro,Telegram Bot,Ethereum, BSC, Arbitrum, Solana, Base, Tron,95287,3356615,66546111,115000185,
bloXroute,MEV,Solana, BSC,88856,4205159,243090281,245922291,
MetaMask,Wallets,Ethereum, Polygon, BSC, Arbitrum,86143,3325915,49739087,143592912,
Venus,Lending,BSC, Ethereum, opBNB, Arbitrum, ZKsync Era, Base, OP Mainnet, Unichain,85799,2637682,57305090,130679512,
mETH Protocol,Liquid Staking,Ethereum,85638,2554166,9337946,9423584,
Quickswap,Dexs,Polygon, Immutable zkEVM, Polygon zkEVM, Soneium, Manta,83867,2082415,16788236,185708735,18077750.36562987
Ostium,Derivatives,Arbitrum,80930,1217738,3343537,3424467,
four.meme,Launchpad,BSC,79541,1105312,11077477,10839258,
Bloom Trading Bot,Gaming,Solana, BSC, Base,79446,6268875,48342627,48422073,
Zivoe,RWA,Ethereum,78230,156476,626002,626002,
Bluefin,Dexs,Sui,76651,2618883,17755210,24081955,38037252.77259075
HyperSwap,Dexs,Hyperliquid L1,75607,2650420,3802204,3757759,
Ondo Finance,RWA,Ethereum, Solana, Polygon, Mantle, Aptos, Arbitrum, Sui, Noble,73153,4588529,7528607,7601760,2593813559.4361057
Banana Gun,Telegram Bot,Ethereum, Solana, Blast, Base, Sonic, BSC, Unichain,72260,2291281,49327460,79664699,77132024.18229675
Thorchain DEX,Dexs,Bitcoin, Ethereum, Litecoin, Dogechain, CosmosHub, Avalanche, BSC, Bitcoincash, Base, Thorchain,72000,2324756,39141299,63525782,567269354.5096805
Iron Bank,Lending,Ethereum, Avalanche, OP Mainnet,70194,1891126,6206040,6250381,53797.76481168758
M0,RWA,Ethereum,67652,1916650,4144990,4212642,
Shadow Exchange,Dexs,Sonic,67015,5294231,35528091,35528091,10306935.602040006
Euler DAO,Risk Curators,Ethereum, Base, Unichain, Swellchain,65923,1452834,3393442,3459365,
Pendle,Yield,Ethereum, Arbitrum, BSC, OP Mainnet, Mantle, Base, Sonic, Berachain,65708,636865,17689986,26261933,657286866.5529842
KernelDAO,Liquid Restaking,Ethereum, Arbitrum, Blast, Scroll, OP Mainnet, Base, Linea, ZKsync Era,64463,3554986,13892513,13956976,
Veda,Onchain Capital Allocator,Ethereum, Sonic, Base,62304,2105319,9807490,9814252,
Stables Labs USDX,Basis Trading,Ethereum, Arbitrum, BSC,59999,1712376,6158200,6218199,
Avalanche,Chain,Avalanche,58737,674366,9083022,84596417,
Momentum,Dexs,Sui,58507,1825449,2833650,2833650,
MEV Capital,Risk Curators,Ethereum, Sonic, Berachain, Avalanche, BOB, BSC,57421,1572616,9769737,9827158,
Bitlayer,Chain,Bitlayer,57064,1696300,17639671,18428753,
Scallop,Lending,Sui,56670,1487964,12429949,14080343,
Yearn,Yield Aggregator,Ethereum, Polygon, OP Mainnet, Arbitrum, Base,55993,2051870,13226805,13226815,174147434.39926305
DODO,Dexs,Ethereum, BSC, Polygon, Arbitrum, Aurora, Boba,53124,2892131,24143825,31733308,
Gauntlet,Risk Curators,Ethereum, Base, Polygon,50453,1442651,15197478,15734223,
Curve Finance,Dexs,Ethereum, OP Mainnet, Arbitrum, Polygon, Fantom, Gnosis,49940,2020806,34987653,352215238,889827919.9416709
Metaplex,Launchpad,Solana,49018,1231131,20153922,29962565,
NAVI Protocol,Lending,Sui,48723,1535815,11039999,13523537,
StakeWise,Liquid Staking,Ethereum,46865,1511566,7595437,23426445,
LFJ,Dexs,Avalanche, Arbitrum, BSC,45837,1389434,44527561,596355707,62377393.31790898
SynFutures,Derivatives,Blast, Base,45104,892831,44660393,69120916,
DEX Screener,Coins Tracker,Solana, Ethereum, Base, Polygon,43234,1472549,103824585,107899260,
SUN,Dexs,Tron,42217,2360803,39302289,42357682,367913056.5838757
Frax Finance,Algo-Stables,Ethereum, Arbitrum, Aurora, Avalanche, Boba, BSC, Fantom, Harmony, Moonbeam, Moonriver, Polygon,41075,1374233,34672711,72077224,252421926.62166977
Felix,CDP,Hyperliquid L1,40678,1130835,1477516,1518194,
Drift,Derivatives,Solana,39863,1735254,21706413,21556519,
Wildcat Protocol,Uncollateralized Lending,Ethereum,39784,1094048,3128887,3168671,
PulseX,Dexs,PulseChain,39188,2304475,27137301,66717349,0
Re7 Labs,Risk Curators,Ethereum, Base, Sonic, BOB, Berachain, Avalanche, BSC, World Chain, Polygon,39065,1553903,3147465,3186530,
Usual,RWA,Ethereum,37347,1311496,36419330,36456677,95291821.61132781
Kittenswap Finance,Dexs,Hyperliquid L1,37012,1539157,2247902,2247902,
ODOS,DEX Aggregator,Ethereum, Arbitrum, OP Mainnet, Base, Polygon, Avalanche, BSC, Fantom, ZKsync Era, Mode, Linea, Mantle, Scroll, Fraxtal, Sonic,36750,559272,4627912,5414615,
dYdX,Derivatives,dYdX, Ethereum,34608,1271721,32172241,87219331,422699942.6460224
OpenSea,NFT Marketplace,Ethereum, Arbitrum, Avalanche, Base, Blast, Kaia, OP Mainnet, Polygon, Zora,34282,1202879,18638055,2801103404,
Infrared Finance,Liquid Staking,Berachain,33600,1034756,5917404,5917404,
Convex Finance,Yield,Ethereum,33288,1001143,10019341,275702726,217860261.2363203
Typus Finance,Options Vault,Sui,32702,429096,1055872,1088574,
Beets,Liquid Staking,Sonic, OP Mainnet, Fantom,29789,969387,3690031,5230216,8490699.036617665
Paradex,Derivatives,Ethereum,29609,1348952,5633720,5633720,
LI.FI Bridge Aggregator,Bridge Aggregator,Abstract, ApeChain, Arbitrum, Aurora, Avalanche, Base, Berachain, Blast, Boba, BSC, Celo, Cronos, Evmos, ZKsync Era, Ethereum, Fantom, Fraxtal, Fuse, Gravity by Galxe, Ink, Linea, Lisk, Mantle, Metis, Mode, Moonbeam, Moonriver, opBNB, OP Mainnet, Polygon, Polygon zkEVM, Rootstock, Scroll, Soneium, Sonic, Superposition, Swellchain, Taiko, Unichain, Gnosis,27880,1008891,11193207,11210645,
Sui,Chain,Sui,27439,1255594,8332023,8332023,
SideShift,Cross Chain Bridge,Ethereum,27084,933626,9142425,9188548,20685189.133235823
Velodrome,Dexs,OP Mainnet, Mode, Lisk, Fraxtal, Ink, Soneium, Unichain, Swellchain, BOB,26761,815833,12281734,24952730,45933492.067165
Arbitrum Timeboost,MEV,Arbitrum,26480,1027161,1226820,1253300,
Kodiak,Dexs,Berachain,26210,1823490,7991588,8017798,
Beefy,Yield Aggregator,Arbitrum, Base, Polygon, Avalanche, OP Mainnet, BSC, Ethereum, Linea,26140,177097,4726932,6752772,11313691.081994448
TON,Chain,TON,26011,558027,5259105,5259105,
Amnis Finance,Liquid Staking,Aptos,25805,952751,4407369,12165503,
StakeDAO,Yield,Ethereum,25674,174212,741833,767507,16416313.135424959
SoSoValue,Indexes,Base,25434,2106723,17428013,17453447,
deBridge,Bridge,Ethereum, Arbitrum, Avalanche, BSC, Polygon, Solana, Linea, Base, OP Mainnet, Fantom, Neon, Metis, Sonic, Cronos zkEVM, Abstract, Berachain, Story, Hyperliquid L1, Zircuit,25195,860648,9857838,17300450,40683126.13939166
BounceBit CeDeFi Yield,Basis Trading,BounceBit,25116,998378,9299517,9274401,
Reservoir Tools,Dexs,Ink, Zero Network, Shape, Abstract,25061,1282076,3471567,3515012,
Gains Network,Derivatives,Polygon, Arbitrum, Base, ApeChain,24859,933497,15966441,59944807,34292216.704149716
CIAN Protocol,Yield Aggregator,Ethereum,23610,107812,1552240,1575850,
clanker,Launchpad,Base,23452,600729,20842555,20842555,
Step Finance,Portfolio Tracker,Solana,23339,437777,3820877,3844216,23855996.7767189
SolTradingBot,Telegram Bot,Solana,23020,905776,27000174,26689828,
The Arena,Launchpad,Avalanche,22890,257791,1714801,6051032,
Euler,Lending,Ethereum, Sonic, Base, Swellchain, BOB, Berachain,22749,1284717,6597044,6619793,149424142.31836563
Resupply,Lending,Ethereum,22370,604805,910720,933090,
Yei Finance,Lending,Sei,22119,715681,3739820,3761939,
Osmosis DEX,Dexs,CosmosHub,22079,756846,9213058,25182363,144713359.58771586
B.Protocol Curator,Risk Curators,Ethereum, Base,22060,525587,3168412,3190472,
Stader,Liquid Staking,Ethereum, BSC,21590,897031,4567420,4336704,30212894.175823648
CoWSwap,DEX Aggregator,Ethereum,21520,855680,11082491,20494155,179953367.24719504
Rain.fi,Lending,Solana,21490,247498,1050522,2738522,
StakeStone,Liquid Staking,Ethereum,21050,517260,2382426,2403476,
KyberSwap,DEX Aggregator,Ethereum, Arbitrum, OP Mainnet, ZKsync Era, Polygon, Base, BSC, Linea, Scroll, Avalanche, Fantom, Aurora, Cronos, Polygon zkEVM, Bittorrent,20425,1625726,19498958,31740481,57713313.80482145
Mayan,DEX Aggregator,Ethereum, Arbitrum, Avalanche, BSC, Polygon, Solana, Base, OP Mainnet,20249,669088,1623541,1643790,
Velora,DEX Aggregator,Ethereum, OP Mainnet, BSC, Polygon, Fantom, Polygon zkEVM, Base, Arbitrum, Avalanche,20092,534114,8214041,23564960,28380591.97703688
Moonwell,Lending,Base, Moonbeam, Moonriver, OP Mainnet,19700,830666,13521363,13710175,
Benqi,Lending,Avalanche,19588,750065,10013620,33089642,53219248.96428304
Rhea Finance,Lending,Near,19411,453235,2368131,2385152,2904361.8312809733
Dolomite,Lending,Arbitrum, Berachain, Mantle, Polygon zkEVM,19284,924105,3475628,3494912,
moonshot.money,Trading App,Solana,18917,1093957,32333118,32221407,
Balancer,Dexs,Ethereum, Polygon, Arbitrum, Avalanche, Gnosis, Base, Polygon zkEVM, Mode, Fraxtal,18699,655860,16461936,286462110,66500520.134172365
Launch Coin on Believe,Launchpad,Solana,18645,21602530,23506205,23506205,
Trust Wallet,Wallets,Ethereum, OP Mainnet, Arbitrum, Base, Polygon, Avalanche, BSC,18332,894773,23096655,29033383,330989576.9030801
JustLend,Lending,Tron,18305,426306,4894838,7173779,335573575.81916165
Tornado Cash,Privacy,Ethereum, BSC, Avalanche, OP Mainnet, Arbitrum, Polygon, Gnosis,18277,719761,1579200,1597477,33881819.210153826
THENA,Dexs,BSC,18126,754346,14677304,24819395,12848249.232853804
Hyperion,Dexs,Aptos,18058,430256,638862,638862,
Bifrost Liquid Staking,Liquid Staking,Bifrost,17997,598310,8049258,11709457,5750585.45352559
Jumper Exchange,DEX Aggregator,Aurora, Arbitrum, OP Mainnet, Base, Ethereum, Avalanche, BSC, Linea, Mantle, Polygon, Polygon zkEVM, Fantom, Mode, Scroll, ZKsync Era, Metis, Gnosis, Taiko, Blast, Boba, Fuse, Cronos, Gravity by Galxe, Celo, Evmos, Fraxtal, Lisk, Moonbeam, Arbitrum Nova, opBNB, Sonic,17974,710394,7070540,7088514,
Clipper,Dexs,Ethereum, OP Mainnet, Polygon, Arbitrum,17906,5990606,7888724,9149407,79396.86311421436
Magpie Ecosystem,Yield,BSC, Arbitrum, Ethereum,17705,942827,14967672,15439324,
Relend Network,Risk Curators,Ethereum, Base, Swellchain,17584,391635,1702785,1720369,
DEXTools,Coins Tracker,Solana, Ethereum, Base, BSC,16943,600616,11250493,11267436,22252535.280298106
STON.fi,Dexs,TON,16323,330183,11515248,23373700,4926295.571114538
Sailor,Dexs,Sei,16207,498917,2651954,2635747,
Ethena,Basis Trading,Ethereum,15894,25503045,316239314,383201006,
ApeX Protocol,Derivatives,Ethereum,15718,698096,9886270,17643948,20413375.70465821
Inverse Finance,CDP,Ethereum,15466,444350,3862753,5723463,16173878.267751647
Avantis,Derivatives,Base,15312,643998,3711525,4288612,
Flux Finance,Lending,Ethereum,15037,123817,725059,740096,
Looter,Trading App,Ethereum, Solana, Base,14522,525059,12836426,17395721,312132.1828467688
Maple Finance,Lending,Ethereum,14182,877674,15229429,33167562,
Sushi,Dexs,Ethereum, Polygon, Arbitrum, CORE, Blast, Fantom, Avalanche, Fuse, Harmony, Arbitrum Nova, BSC, Gnosis, Base, Rootstock, Bittorrent, Metis, Kava, Linea, Scroll, Sonic, Hemi, OP Mainnet, Polygon zkEVM, ThunderCore,13804,620587,14624174,763659637,125942751.33627097
Arbitrum,Rollup,Arbitrum,13735,1091150,20340649,154248365,
VECTOR.FUN,Launchpad,Solana,13298,510524,6082820,6071307,
Fulcrom,Derivatives,Cronos, ZKsync Era, Cronos zkEVM,13079,565101,6625827,10450032,
Solv Protocol,Bridge,Ethereum, BSC, Arbitrum, Mantle, Merlin, Scroll, Solana, Avalanche, BOB, Base, Linea, Rootstock, Soneium,13006,1567506,13604479,13617485,
Gamma,Liquidity manager,Ethereum, Polygon, Polygon zkEVM, OP Mainnet, Arbitrum, BSC, Moonbeam, Celo, Avalanche, Fantom, Mantle, Rollux, Linea, Base, Kava, opBNB, Manta, Metis, Gnosis, Immutable zkEVM, Scroll, Blast, X Layer, Mode, Taiko, Rootstock, Sei, IOTA EVM, CORE, Zircuit, World Chain, ApeChain, Sonic, BOB,12947,970301,28308264,54951207,1763473.4386612242
Thala,Dexs,Aptos,12545,673091,2728010,4054843,6538399.810857027
Rabby Wallet,Wallets,Ethereum, BSC, Base, Arbitrum,12530,541786,6088733,5878875,
Echelon Market,Lending,Aptos, Movement,12228,387549,2222587,2807140,
WAGMI,Dexs,Fantom, Kava, Ethereum, Metis, Sonic,12123,622977,5063402,5843138,12347770.276941707
Dragon Swap,Dexs,Sei,12098,640041,5897297,5834062,
Vertex Edge,Derivatives,Arbitrum, Mantle, Sei, Base, Sonic, Abstract, Avalanche, Blast,11969,903662,14509349,33103616,
SwapX,Dexs,Sonic,11967,573193,2821905,4294570,2296311.3834157055
K3 Capital,Risk Curators,BSC, Avalanche, BOB,11923,389595,575824,587747,
Geodnet,Oracle,Polygon,11902,326117,2549698,2774970,60399146.154812284
Gacha,Prediction Market,Abstract,11869,589076,1595536,1607405,
SaucerSwap,Dexs,Hedera,11531,377921,2405831,2405831,28265089.20204768
Chainflip,Dexs,Chainflip,11511,487381,3078739,3410476,25458674.756543614
Satori Finance,Derivatives,Polygon zkEVM, ZKsync Era, Linea, Scroll, Base, Arbitrum, X Layer, Plume Mainnet, Zircuit, Story, Ethereum, BSC, OP Mainnet, TON, Hemi,10998,424306,1328784,1530412,
Polygon,Chain,Polygon,10973,356055,7903493,90999860,
Lista DAO,CDP,BSC,10935,401338,6499260,8537856,39779857.310967416
Camelot,Dexs,Arbitrum, ApeChain, Gravity by Galxe, Rari, Reya Network, Gnosis, Sanko,10772,444783,16412681,51651766,7018304.723190729
Haedal,Liquid Staking,Sui,10678,317455,1902047,6811541,
Sonic,Chain,Sonic,10602,479403,1294395,1294395,
fantasy.top,SoFi,Blast,10592,290725,3423888,6785585,
MEVX,Telegram Bot,Solana,10568,542901,6212569,6223137,
DESK,Derivatives,Arbitrum, Blast, Base,10421,370337,9090106,22753361,1491631.1200801895
Guru Network DAO,Dexs,Sonic, Fantom, Arbitrum, Base, KCC, Kava,10420,522717,5216133,5246984,
Stride,Liquid Staking,CosmosHub, Celestia, Osmosis, dYdX, Dymension, Juno, Stargaze, Terra Classic, Evmos, Injective, UX, Comdex, HAQQ, BandChain,10029,321017,6303518,19185757,40454177.21424234
Garden,Bridge,Ethereum, Bitcoin, Arbitrum, Base, Unichain, Berachain, Starknet, Hyperliquid L1,9602,374847,998031,2324437,6151898.754657894
RayBot,Telegram Bot,Solana,9567,406100,4422423,4546098,
Unichain,Chain,Unichain,9430,261632,318772,318772,
Colend Protocol,Lending,CORE,9343,219642,761683,771026,
Level,CDP,Ethereum,8820,604158,1190347,1199167,
Cardano,Chain,Cardano,8795,292374,4391979,7964080,
Bucket Protocol,CDP,Sui,8726,488678,2304436,2304436,
LN Exchange,Derivatives,Bitcoin,8499,269228,1507626,1518668,
Railgun,Privacy,Ethereum, Arbitrum, Polygon, BSC,8495,414543,4960627,7903995,51136487.56878288
Eggs Finance,Reserve Currency,Sonic,8218,139594,1121480,1129698,18677131.419009104
Adrena Protocol,Derivatives,Solana,8070,709624,5285877,5676195,6242515.385219158
TradeWiz,Telegram Bot,Solana,7991,464244,2994806,3002797,
Suilend Protocol,Lending,Sui,7984,936395,12004283,13554772,28575528.919666253
Near,Chain,Near,7983,288259,6431579,15881685,
Synthetix,Synthetics,Ethereum, OP Mainnet, Base, Arbitrum,7924,140668,11486558,83307042,221257755.15267888
Liquity,CDP,Ethereum,7800,93108,1078591,29888297,88051195.30781253
Threshold Network,Decentralized BTC,Ethereum,7561,8283,17028,24589,147762451.7612195
Aura,Yield,Ethereum,7290,251160,6227699,34716006,10372203.528707808
Hakutora,Risk Curators,Ethereum,7283,196999,838859,846142,
Arrakis Finance,Liquidity manager,Ethereum,6971,367844,4684002,4873445,
FlashTrade,Derivatives,Solana,6532,324232,9152678,11883525,
CSC,Chain,XRPL,6305,233846,1741637,1741637,
TONCO,Dexs,TON,6289,318159,895274,901563,
Sanctum,Liquid Staking,Solana,5987,9903147,81794501,82395053,21083246.572428163
Merkle Trade,Derivatives,Aptos,5934,413721,1752729,1758663,
Stargate Finance,Cross Chain Bridge,Ethereum, BSC, Avalanche, Polygon, Arbitrum, OP Mainnet, Metis, Linea, Mantle, Base, Kava, Scroll, Aurora, Unichain, Abstract, Gnosis, LightLink, Hemi, Sonic,5886,85439,2215884,34354711,174851202.90991268
Derive,Derivatives,Derive Chain, OP Mainnet, Arbitrum,5877,126194,3941145,6773833,19526542.822657276
HypurrFi,Lending,Hyperliquid L1,5543,99948,116987,122530,
VVS Finance,Dexs,Cronos,5481,277513,6156474,14099174,
Coinbase Commerce,Payments,Ethereum, Base, Polygon,5331,100687,1388941,1773176,
Virtuals Protocol,AI Agents,Base, Solana,5323,751973,8220215,8220215,
OP Mainnet,Rollup,OP Mainnet,5296,246310,8680084,89637311,
Hegic,Options,Arbitrum,5274,121651,1354035,9886049,35923259.44504692
vfat.io,Yield Aggregator,OP Mainnet, Base, Arbitrum, Linea, Ethereum, Mode, Fantom, Mantle, BSC, Sonic, Fraxtal, Avalanche,5183,193090,3505190,3668870,
WOOFi,Dexs,Avalanche, BSC, Fantom, Polygon, Arbitrum, OP Mainnet, ZKsync Era, Linea, Base, Mantle, Sonic,5148,149948,3063513,6117251,
Lifinity,Dexs,Solana,5043,251226,11506032,17981337,
InitiaDEX,Dexs,Initia,5000,532471,543311,548311,
Chainlink,Oracle,Ethereum, BSC, Polygon, OP Mainnet, Arbitrum, Avalanche, Fantom, Base,4921,245226,2223463,4078719,9074781699.110355
Extra Finance,Leveraged Farming,OP Mainnet, Base,4849,190467,5509560,7958693,7446571.617045076
Cellana Finance,Dexs,Aptos,4781,158233,1991965,3895218,3192663.3738133977
Block Analitica,Risk Curators,Ethereum, Base,4647,137675,1345164,1349811,
Metronome,Synthetics,Ethereum, Base, OP Mainnet,4475,646306,2086850,2091325,
JustBet,Prediction Market,WINR,4430,88895,180342,605613,
Hyperithm,Risk Curators,Ethereum,4330,106335,199134,203464,
Merchant Moe,Dexs,Mantle,4075,243277,4168401,5036821,3113040.451972632
Allbridge,Bridge,Ethereum, BSC, Terra Classic, Aurora, Polygon, Heco, Celo, Avalanche, Fantom, Fuse, Solana, Near, Harmony, Tezos, Kaia, Waves, Stellar, Stacks, Arbitrum, Base, OP Mainnet, Tron,4059,295729,3485265,5558470,1644352.8529980143
Storm Trade,Derivatives,TON,4040,172300,3840265,5008443,
Beraborrow,CDP,Berachain,4023,67366,2261195,2261195,
Orderly,Derivatives,Arbitrum,3923,189908,6134875,18941877,
Apostro,Risk Curators,Ethereum, Base, BSC,3907,169972,2158175,2162082,
Hashnote USYC,RWA,Ethereum,3888,130077,2178788,2178788,
Silo Finance,Lending,Ethereum, Arbitrum, OP Mainnet, Base, Sonic,3869,183939,996563,6937270,
YOLO Games,Gaming,Blast,3830,226582,6682419,22282050,
Defi Saver,CDP Manager,Ethereum,3788,168769,4602402,15270463,
Toros,Yield,OP Mainnet, Polygon, Arbitrum, Base,3713,112371,1466638,1426902,
Agni Finance,Dexs,Mantle,3701,234609,2155172,3635378,
dHEDGE,Indexes,OP Mainnet, Polygon, Arbitrum, Base,3680,120563,414381,467443,6027390.891937684
Cronos,Chain,Cronos,3666,152477,2377236,12668105,
BurrBear,Dexs,Berachain,3616,52803,118072879,118076495,464084.8486322968
Vader AI,AI Agents,Base,3606,148831,2881343,2884949,40571809.94763114
RealT,Lending,Gnosis,3579,81670,155192,158771,26079064.864758898
Tulipa Capital,Risk Curators,Ethereum, Berachain, BOB, BSC,3574,110712,540809,544383,
DeBank Cloud,Developer Tools,Ethereum, Base, Polygon,3564,234211,5985443,12552083,
Alphaping,Risk Curators,Ethereum,3564,48117,70667,74231,
Rainbow,Wallets,Ethereum, OP Mainnet, BSC, Unichain, Polygon, Base, Arbitrum, Avalanche, Ink, Berachain, Blast, Zora, ApeChain, Gravity by Galxe,3508,203992,2500563,6953082,
FlowX Finance,Dexs,Sui,3460,195858,557331,560791,3174178.003185667
SyncSwap Protocol,Dexs,ZKsync Era, Linea, Sophon, Scroll,3399,560280,2203557,2307746,
WaterNeuron,Liquid Staking,ICP,3376,99670,470563,473939,24518555.044367142
Linea,Chain,Linea,3370,103380,1000280,981991,
Immutable zkEVM,Chain,Immutable zkEVM,3289,16576,234692,282829,
PinkSale,Launchpad,Ethereum, BSC, Polygon, Arbitrum, Avalanche, Base, Unichain, Solana,3201,217564,2188418,2191619,
Helio,Payments,Solana,3124,114777,1943439,1895932,
Unchain X,Dexs,BSC,3089,134941,470436,462606,
SquadSwap,Dexs,BSC,3008,139854,355403,393232,0
Katana Ronin Dex,Dexs,Ronin,2885,239204,2443305,40320770,
Solana Name Service,Domains,Solana,2864,231684,1322165,16511262,
Franklin Templeton,RWA,Polygon, Stellar,2862,82502,665963,665963,
Sudo Finance,Derivatives,Sui,2838,71752,662579,1272228,
Contango,Derivatives,Ethereum, Base, Arbitrum, OP Mainnet, Scroll, Gnosis, Avalanche, Linea, Polygon, BSC,2810,226328,1625918,1628728,
Doge,Chain,Doge,2729,116729,2092370,13409346,
Javsphere,Derivatives,Base,2697,90628,431047,547222,2859204.2823264627
Bungee,Bridge Aggregator,Ethereum, Aurora, Arbitrum, OP Mainnet, Base, Blast, Avalanche, BSC, Polygon, Polygon zkEVM, Fantom, Linea, Mantle, Scroll, ZKsync Era, Gnosis, Mode, Sonic, Unichain, Berachain,2697,220978,486103,488800,
Zerion Wallet,Wallets,Ethereum, OP Mainnet, Arbitrum, Base, Polygon, BSC,2680,49295,2137509,2885888,
SOCKET Protocol,Bridge Aggregator,Aurora, Arbitrum, OP Mainnet, Base, Blast, Ethereum, Avalanche, BSC, Polygon, Polygon zkEVM, Fantom, Linea, Mantle, Scroll, ZKsync Era, Gnosis, Mode,2666,221197,824388,820657,
Superlend,Lending,Etherlink,2612,94462,167663,170275,
Ape.Store,Launchpad,Base,2582,92880,381650,384232,
MilkyWay,Liquid Staking,Osmosis,2560,139909,1542792,1828277,
Rooster Protocol,Dexs,Plume Mainnet, Plume (Deprecated),2501,5471,5478,7979,
Splash Protocol,Dexs,Cardano,2469,83175,1565803,1537285,
DeDust,Dexs,TON,2438,50681,3515596,3503828,0
Creator Bid,AI Agents,Base,2392,67652,3104398,3106790,
HyperLend,Lending,Hyperliquid L1,2364,63238,77603,79967,
Filecoin,Chain,Filecoin,2357,30237,432292,432292,
Across,Cross Chain Bridge,Ethereum, Arbitrum, OP Mainnet, Polygon, Base, ZKsync Lite, Linea, Unichain, Blast, Scroll,2338,63065,46319424,48276500,79093539.92591922
NTM.ai,SoFi,Ethereum, BSC, Avalanche, Solana, Tron, TON,2299,105808,1248070,1621359,
Ekubo Protocol,Dexs,Ethereum, Starknet,2209,100486,1752288,5397218,46113920.32957584
Save Protocol,Lending,Solana,2125,298592,12518362,17086086,
Spiko,RWA,Ethereum, Polygon,2124,59861,434976,437100,
Flex Perpetuals,Derivatives,Base,2102,58656,288315,295225,2070410.4608580372
Amped Finance,Derivatives,LightLink, Sonic, Berachain, Base, Superseed,2077,194886,796676,796676,
Saros,Dexs,Solana,2043,17761,17761,19804,508765592.51493937
Bonzo Finance,Lending,Hedera,2026,69667,358445,356607,
Reya DEX,Derivatives,Reya Network,1998,59742,384705,386703,
Mellow Protocol,Liquid Restaking,Ethereum,1998,52856,131290,133288,
Blur,NFT Marketplace,Ethereum,1986,86220,8175128,70663627,206781123.33146217
Bancor,Dexs,Ethereum,1946,101256,801298,64226865,72461591.76134604
Invariant,Dexs,Solana, Eclipse,1930,64252,427126,429056,
Rootstock,Chain,Rootstock,1867,76135,1109871,3651492,
Aptos,Chain,Aptos,1864,67323,1538219,3941699,
Yearn Curating,Risk Curators,Ethereum, Base,1853,19615,19841,19841,
Magma,Dexs,Sui,1847,13551,20560,22407,
Ooga Booga,DEX Aggregator,Berachain,1831,41260,152377,152377,
ENS,Domains,Ethereum,1800,78124,4172616,18043899,683303180.2484926
Liquid Collective,Liquid Staking,Ethereum,1788,178333,1323580,1325368,490357494.2376303
Pocket Universe,Security Extension,Ethereum, Base, Arbitrum, Polygon, BSC, OP Mainnet,1788,64513,3158092,3977137,
Aftermath Finance,Dexs,Sui,1677,33946,33946,35623,
Mantle,Chain,Mantle,1671,59056,1901614,10043489,
JOJO,Derivatives,Base,1662,44268,7947438,8502462,
SparkDEX,Dexs,Flare,1626,52431,4189142,4189219,
BEX,Dexs,Berachain,1582,133161,5465125,5466707,
Kyo Finance,Dexs,Soneium,1548,94166,417449,417449,
OpenEden,RWA,Ethereum, Arbitrum, XRPL, Solana,1546,45750,393754,397018,
Levvy Finance,Lending,Cardano,1468,50712,987908,989376,
DragonSwap,Dexs,Kaia,1439,62839,514823,884448,
Snake Finance,Algo-Stables,Sonic,1371,1691811,4711136,4712507,572784.9793244245
Metropolis Exchange,Dexs,Sonic,1360,137460,1380593,1380593,
Jellyverse,Dexs,Sei,1326,73373,635461,633025,439736.73041539
Unibot,Telegram Bot,Ethereum,1316,43585,1442669,7325607,3578445.414454056
ReachMe,SoFi,BSC,1294,31133,152246,153540,
ZKsync Era,Rollup,ZKsync Era,1287,47093,2349707,85485667,
Maverick Protocol,Dexs,Ethereum, Arbitrum, ZKsync Era, BSC, Base, Scroll,1287,61231,876097,5928885,31470945.793136265
BlazingApp,Trading App,Ethereum, BSC, Base, Sonic, Avalanche, Berachain, Solana,1282,48676,778809,780266,
BasePaint,Services,Base,1280,35362,560842,1680188,
Integral,Dexs,Arbitrum, Ethereum,1259,33798,262737,441149,307580.9651824455
MORE Markets,Lending,Flow,1258,36270,97968,99226,
ZeroLend,Lending,Ethereum, Blast, Linea, ZKsync Era, Manta, Base, Zircuit, Corn, Berachain, Abstract, Hemi,1176,42073,1089348,1089348,3368784.3878871957
M11 Credit,Risk Curators,Ethereum,1173,8982,9022,10195,
Pangolin,Dexs,Avalanche,1166,31136,506056,53868786,32335364.107774
Alien Base,Dexs,Base,1132,65402,1268181,1331625,
Gravity by Galxe,Chain,Gravity by Galxe,1129,27820,1521206,1521206,
Liquid Ron,Liquid Staking,Ronin,1120,37190,63246,63246,
SpookySwap,Dexs,Horizen EON, Fantom,1097,37652,2727769,133944076,
Hedera,Chain,Hedera,1092,53165,344107,344107,
Farcaster,Lending,OP Mainnet, Base,1090,51695,1271020,2794065,
BaseSwap,Dexs,Base,1029,73690,894341,2658664,750286.3152355716
MagicSea,Dexs,IOTA EVM, ShimmerEVM,1019,33862,602650,695993,
manifold.xyz,NFT Launchpad,Ethereum, OP Mainnet, Base,983,14909,202024,2262011,
Fastlane,MEV,Polygon,954,18133,562564,1377313,
Ramses Exchange,Dexs,Arbitrum,939,47066,2622958,6196539,
Strike,Lending,Ethereum,904,111818,500670,500321,35418238.967637
dappOS IntentEX,Dexs,opBNB,884,68027,1066345,1064454,
MooniSwap,Dexs,Ethereum,878,44411,235724,21178891,
Litecoin,Chain,Litecoin,860,28024,361334,8569353,
MYX Finance,Derivatives,Arbitrum, Linea, opBNB, BSC,854,377563,17109447,20837488,
Solidly Labs,Dexs,Ethereum, Sonic, Base, OP Mainnet, Arbitrum, Fantom,843,414706,1195289,4429241,862999.4847754257
Impermax Finance,Lending,Ethereum, Polygon, Arbitrum, Fantom, Base, Scroll, OP Mainnet, re.al, Avalanche, Sonic, Blast, Linea, ZKsync Lite,830,33901,702617,799281,
Biswap,Dexs,BSC,822,31659,474781,87437404,
boop.fun,Launchpad,Solana,818,1495518,3583912,3583912,14533383.749807669
Ociswap,Dexs,Radix,805,3573,130770,298387,269960.10688402515
SilverSwap,Dexs,Sonic,791,79649,443119,443122,
Takara Lend,Lending,Sei,746,35512,42515,43261,
Celo,Chain,Celo,744,42635,443012,807568,
IoTeX,Chain,IoTeX,731,21269,292811,660286,
Moonshot,Trading App,Solana,707,48957,3996907,3966036,
The Graph,Developer Tools,Arbitrum, Ethereum,705,103310,461952,728716,878005039.7722083
Glyph Exchange,Dexs,CORE,690,36534,209879,240068,
SakeFinance,Lending,Soneium,689,61320,139673,140362,
PHAME Protocol,Derivatives,PulseChain,687,80768,514838,515525,0
Thetis Market,Derivatives,Aptos,673,41986,522554,522663,
ShibaSwap,Dexs,Ethereum,671,42371,707257,51490892,64525812.258751
Kinza Finance,Lending,BSC, opBNB, Ethereum, Mantle,667,24612,115882,115882,
Strike Finance,Derivatives,Cardano,652,41317,120734,121386,
BetSwirl,Prediction Market,BSC, Polygon, Avalanche, Arbitrum, Base,648,29051,335514,1464167,475353.9961082141
Superposition,Chain,Superposition,647,18235,99168,99138,
Starknet,Chain,Starknet,634,32886,622968,43612837,
Hercules,Dexs,Metis,624,27496,1819131,2232094,598598.8649624537
Steakhouse Financial,Risk Curators,Ethereum, Base, Corn,613,1780145,7197864,7198477,
Thruster,Dexs,Blast,610,61194,9310427,9529544,3834333.9493993744
Hipo,Liquid Staking,TON,609,17868,310186,410368,
Etherlink,Chain,Etherlink,603,21032,52672,52877,
GoPlus Security,Token Locker,Ethereum, BSC, Base, Arbitrum, Gravity by Galxe,603,43147,1559660,3829815,
Ronin,Chain,Ronin,595,31241,188583,188583,
KittyPunch,Dexs,Flow,593,46386,61354,61947,
LogX,Derivatives,Logx_network,587,110442,701612,701612,
Sumer.money,Lending,Meter, Base, Arbitrum, Ethereum, zkLink Nova, BSquared, CORE, BSC, Berachain, Hemi,586,15544,40680,41266,
BasisOS,Basis Trading,Arbitrum,581,9733,9733,10314,15743252.609785302
Sablier,Payments,Ethereum, OP Mainnet, Arbitrum, Base,578,16899,131682,132260,
KiloEx,Derivatives,BSC, opBNB, Manta, Taiko, BSquared, Base,575,57342,2977796,13524760,
9Summits,Risk Curators,Ethereum, Base,554,8368,6180725,6181279,
Balanced,Dexs,Icon,518,9873,943803,944115,
Mendi Finance,Lending,Linea,517,16017,183832,183103,455782.19037109456
zkSwap Finance,Dexs,ZKsync Era,494,23831,669499,1673155,1365901.9107119623
Elara,Lending,Zircuit,476,15824,89024,89500,
KongSwap,Dexs,ICP,466,19983,33077,33543,
Alterscope,Risk Curators,Ethereum,460,7328,31938,32398,
Yuzu Finance,Dexs,Movement,430,35197,56158,56588,
Clearstar,Risk Curators,Base,422,11204,25864,26286,
IVX Protocol,Options,Berachain,417,13988,28479,28479,
Scroll,Chain,Scroll,411,20178,4720966,42628266,
Sonex,Dexs,Soneium,410,23186,114912,115322,
ZORA Protocol,Launchpad,Base, Ethereum,403,123049,1182445,4907796,32726117.048111837
prerich,Dexs,Solana,400,16548,420803,418226,
Wasabee,Dexs,Berachain,373,29255,58204,58204,
Pear Protocol,Derivatives,Arbitrum,369,10211,392875,585935,
PHUX,Dexs,PulseChain,364,15866,211070,211434,0
CaviarNine,Dexs,Radix,357,2694,202419,435080,0
Soneium,Chain,Soneium,356,24894,1110044,1110400,
Nuri Exchange,Dexs,Scroll,353,33183,2895367,2890551,0
Asset Chain Swap,Dexs,Asset Chain,337,10048,14543,14880,
Velar Protocol,Dexs,Stacks,335,1469,2979,3218,554756.4520591595
Yaka Finance,Dexs,Sei,335,8493,74037,73975,
Deepr Finance,Lending,ShimmerEVM, IOTA EVM,327,17570,38441,38768,0
Paint Swap,Dexs,Sonic,326,17899,74082,74082,6465480.821972127
SOFA.org,Options,Ethereum, Arbitrum, BSC, Polygon, Sei,306,23894,1352347,1352653,5692221.988948257
stabble,Dexs,Solana,302,29516,413553,413855,1468162.4492737718
World Chain,Chain,World Chain,300,20632,84104,84104,
Asymmetry,CDP,Ethereum,297,3712,3712,4009,
Tea-Fi,Yield,Polygon, Ethereum,295,94607,138541,138719,
Valas Finance,Lending,BSC,293,13234,13234,1114874,354835.73524315056
MachFi,Lending,Sonic,288,7364,35732,35826,
Equalizer,Dexs,Fantom, Sonic, Base,286,28038,2192017,5835166,
Berachain,Chain,Berachain,285,35211,158276,158276,286619996.58316016
Summer.fi,CDP Manager,Ethereum, Arbitrum, Base, OP Mainnet,282,58875,1820806,1821088,
Celestia,Chain,Celestia,274,12043,475974,3231453,
Kairos Timeboost,MEV,Arbitrum,265,2137,2817,2817,
opBNB,Chain,opBNB,265,-25596,-23890,1008890,
Seamless Protocol,Lending,Base,263,16331,115349,115612,
BulbaSwap,Dexs,Morph,261,46899,363203,362177,
Kinetix,Dexs,Kava, Base,260,58548,1366060,1805188,2826201.569951118
Terra Classic,Chain,Flare,254,4563,24262,24262,
Koi Finance,Dexs,ZKsync Lite, ZKsync Era,247,14546,520403,2229585,1067008.001118558
Rabbit Swap,Dexs,Viction,242,7393,36621,34874,
Foundation,NFT Marketplace,Ethereum,228,5976,176428,28006584,
WINR,Chain,WINR,226,1708,2294,2294,
Mimo,Dexs,IoTeX,214,18668,329760,1969318,
Metis,Chain,Metis,212,10683,98822,98822,
MUX Protocol,Derivatives,Arbitrum, BSC, Avalanche, Fantom, OP Mainnet,209,60272,3226051,32884909,
Worldle,Gaming,World Chain,207,9731,10428,10428,
Pact,Dexs,Algorand,206,12383,487770,701329,
Kerberus,Security Extension,Ethereum, Base, Arbitrum, BSC, Polygon, ZKsync Era, OP Mainnet, Avalanche,199,12134,295501,295700,
AshPerp,Derivatives,MultiversX,198,9728,170861,213431,
Stout,CDP,Sonic,198,23621,478515,478713,
Lynex,Dexs,Linea,192,154804,4292330,6633305,1240481.9744216735
ApeChain,Chain,ApeChain,189,10247,85687,85687,
Hfun,Launchpad,Hyperliquid L1,183,14834,268414,268597,33363896.789625794
XSwap Protocol,Dexs,XDC,180,5264,160527,160634,670004.628591257
Ink,Chain,Ink,178,7666,171190,170481,
Carbon Defi,Dexs,Ethereum, Sei, Celo, Coti,177,14119,186318,192649,
Timeless,Liquidity manager,Ethereum, Arbitrum, Base,177,2895,82608,82496,
Taraswap,Dexs,Taraxa,174,6590,38735,38193,
Reya Network,Chain,Reya Network,171,16465,253702,334979,
HOPR,Privacy,Gnosis,170,5652,64753,124172,22566551.127696645
PayCash,Dexs,Vaulta,168,10214,71119,1685579,0
Holdstation,Derivatives,Berachain, World Chain, ZKsync Era,167,3357,2500535,4468253,8260225.005500039
AGDEX,Derivatives,Aptos,166,7291,20743,21100,
Frax FPI,Algo-Stables,Ethereum,163,4036,651909,6593059,15765860.492355073
Manta,Rollup,Manta,163,16548,523307,4975673,
Llamalend,NFT Lending,Ethereum,161,4920,65434,131000,
Hop Protocol,Cross Chain Bridge,Arbitrum, Base, OP Mainnet, Polygon, Ethereum,157,25046,297463,297620,685756.8616851625
iZUMi Finance,Dexs,IoTeX, Hemi,149,2451,27496,27496,
Origin Protocol,Yield Aggregator,Ethereum,145,120399,1424342,3032015,
Hover,Lending,Kava,141,4399,28063,28074,
Orki Finance,CDP,Swellchain,141,5524,5524,5665,
Ouroboros Capital,Risk Curators,Ethereum,140,5031,14135,14275,
Lendle,Lending,Mantle,140,4705,23256,23168,
KTX.Finance,Derivatives,Arbitrum, BSC, Mantle,135,4036,20639102,27231544,
DexToro,Trading App,Solana,134,677,3445,3579,
Sonne Finance,Lending,OP Mainnet, Base,129,2055,69098,4123742,58627.8268298094
Chiliz,Chain,Chiliz,126,8545,263094,712563,
EddyFinance,Dexs,ZetaChain,122,8227,151830,146304,
Defi Swap,Dexs,Ethereum,121,17130,12925379,17928889,2904159862.250076
Avalon Labs,Lending,Ethereum, Base, Arbitrum, BSC, Merlin, Bitlayer, BSquared, Mode, Taiko, Sonic, BOB, CORE, Scroll, IoTeX, Kaia, ZetaChain, Corn, DuckChain, Sei,121,8062,141560,141681,
Bodega Market,Prediction Market,Cardano,119,136,136,255,6881435.291597413
Mars Protocol,Derivatives,Neutron,116,10640,194993,189235,
Radiant,Lending,Arbitrum, BSC, Ethereum, Base,112,15362,2102287,29429289,
Colony,Yield,Avalanche,111,234106,1159124,1198112,7144361.337922876
ArcherSwap,Dexs,CORE,111,2554,21654,21765,0
Magnum Bot,Trading App,Solana,108,5188,151334,151036,
Cleopatra Exchange,Dexs,Mantle,108,6224,480898,754168,
Swing,DEX Aggregator,Solana, Ethereum, BSC, Avalanche, Polygon, Arbitrum, Archway, BSquared, Base, Bitcoin, Bitlayer, Blast, BOB, CORE, CosmosHub, Fantom, Gnosis, Gravity by Galxe, Injective, Linea, Manta, Mantle, Metis, Mode, Moonbeam, Morph, Celestia, OP Mainnet, Osmosis, Scroll, Taiko, World Chain, ZKsync Lite,106,3727,95467,95157,
Wombat Exchange,Dexs,BSC, Arbitrum, Ethereum, Scroll, Avalanche, Base, OP Mainnet,105,1664,63367,985534,798310.8019134456
Blast,Chain,Blast,98,14250,5637589,13799902,
SUITE,Trading App,Sui,97,36473,186405,186405,430331.2801628485
HyperYield,Lending,Hyperliquid L1,95,2952,3734,3829,
BMX,Derivatives,Base, Mode,93,54794,1857586,2453678,6049250.400294261
Gnosis,Chain,Gnosis,88,4049,78357,4734217,
Ocelex,Dexs,Zircuit,87,27609,450138,450225,
Sei,Chain,Sei,86,5206,137702,137702,
Mosaic,Dexs,Movement,82,3137,5370,5452,
BabyDogeSwap,Dexs,BSC,78,6775,1182020,2430839,227281171.70192683
SMARDEX Ecosystem,Dexs,Ethereum, BSC, Polygon, Arbitrum, Base,75,4643,218173,756095,
Retro,Dexs,Polygon,66,1971,126136,1779425,0
flaunch,Launchpad,Base,65,42051,1819166,1819166,
Meridian AMM,Dexs,Movement,62,2193,13919,13981,
Verse,Dexs,Ethereum, smartBCH,61,4106,49305,182244,2271199.0101488163
Lybra Finance,CDP,Ethereum,60,2949,76445,1482526,1333191.5753770883
Jeton,DEX Aggregator,Ethereum, Polygon, OP Mainnet, BSC, Arbitrum, Avalanche, Scroll, ZKsync Era, Base,58,2086,596833,614849,
ZNS Connect,Domains,BSC, Scroll, Blast, Polygon, Taiko, Zora, Sonic, Base, Soneium, Ink, Abstract, Plume (Deprecated), Berachain, Unichain, Hemi,56,6448,581502,551809,
Infusion,Dexs,Base,55,2593,53438,155178,
LiquidLoans,CDP,PulseChain,54,3330,56524,56578,0
Polter Finance,Lending,Sonic, Fantom, Base,54,4130,536100,1764676,276668.7400116549
Surge Trade,Derivatives,Radix,53,1629,57265,57315,
Fantom,Chain,Fantom,53,1861,205423,36547828,
Gaming DEX,Dexs,DeFiVerse, Oasys,52,2317,18517,18569,
Size Credit,Lending,Base, Ethereum,51,1694,4284,4335,
Clusters,Domains,Ethereum,50,2061,230456,4218624,
Tribe.run,SoFi,Solana,50,10419,2608303,2608332,
Mint,Chain,Mint,46,1487,684654,713954,
ZetaChain,Chain,ZetaChain,45,2714,44158,322183,
Polygon zkEVM,Chain,Polygon zkEVM,45,3382,302434,6296909,
WigoSwap,Dexs,Fantom,44,8272,17112491,20848460,547301.8415643728
Noah Swap,Dexs,EOS EVM,44,3620,97595,139109,
Verus Market,Dexs,Verus,43,2381,4493,4536,
Witty,Gaming,Abstract,39,2594,41228,41267,
1DEX,Dexs,Vaulta,39,372879,530239,530278,
Factor,Yield,Arbitrum,39,184,27190,29633,
Vaultka,Yield,Arbitrum,38,58605,2762539,5544144,282327.33243464207
EtaSwap,DEX Aggregator,Hedera,38,1572,22483,22704,
SwapBased,Dexs,Base,38,2621,38425,546362,0
Swop,Dexs,Waves, Unit Zero,37,2595,36839,45870,331047.11938725156
GasPump,Launchpad,TON,37,807,280891,280917,
SailFish Finance,Dexs,EDU Chain,36,1477,8497,8520,
Aurora,Chain,Aurora,36,1341,28564,282177,
Mode,Chain,Mode,36,1623,104999,976224,
Lisk,Chain,Lisk,32,1104,178720,179753,
ImmortalX,Derivatives,Celo,30,1906,12634,25832,
Perpetual Protocol,Derivatives,OP Mainnet,29,1536,206335,9187452,17588148.857067607
EISEN Finance,DEX Aggregator,Base, Berachain, Blast, CORE, Mode, Linea, Mantle, Scroll, Taiko, Zircuit, Soneium, Hemi, Rootstock, BSC, Arbitrum, Hyperliquid L1, Abstract,28,760,6732,6760,
Saber,Dexs,Solana,27,3409,5808,5835,2766770.0837906464
Econia,Dexs,Aptos,27,1799,178905,306599,
EthereumClassic,Chain,EthereumClassic,27,3548,19588,109646,
Voltage,Dexs,Fuse,27,1302,19741,29763,328041.28484606574
Capybara Exchange,Dexs,Kaia,27,2413,91802,91904,
Persistence DEX,Dexs,Persistence One,25,2941,34170,64021,
Solar Dex,Dexs,Eclipse,25,714,1141,1166,
Corn,Chain,Corn,24,881,5138,5138,
Xfai,Dexs,Linea,23,1880,17308,35108,
HumanFi,DEX Aggregator,World Chain,23,1111,1230,1253,
Roots,CDP,Berachain,23,28953,28958,28981,
Honeyswap,Dexs,Polygon, Gnosis,22,1899,26061,1701645,0
LlamaRisk,Risk Curators,Ethereum,22,789,10570,10592,
Shoebill Finance,Lending,Manta, WEMIX3.0,22,783,37717,361218,
Axial,Dexs,Avalanche,19,1525,8090,8109,
Ethervista,Dexs,Ethereum,19,3718,1035302,1035302,
Moonriver,Chain,Moonriver,18,54,5611,1894423,
Zora,Chain,Zora,18,1101,191152,3557014,
Dusa Protocol,Dexs,Massa,17,675,43027,69900,
Interest Labs,Dexs,Movement, Sui,16,688,718,733,
FusionX Finance,Dexs,Mantle,15,581,146361,754312,
POWERCITY,CDP,PulseChain,15,2250,47462,47477,0
Nerve,Dexs,BSC,13,309,1720,1733,0
Hemi,Chain,Hemi,13,1231,21420,21420,
Story,Chain,Story,13,1025,22903,22903,
Vicuna Finance,Lending,Sonic,13,2034,37708,37715,
Ginseng Swap,Dexs,Conflux,12,46,53,65,
Swellchain,Chain,Swellchain,12,485,222544,303821,
Moonwell Apollo,Lending,Moonriver,11,1597,20654,5728206,208195.1984976432
MorFi,Dexs,Morph,11,544,12660,12670,
NEBY DEX,Dexs,Oasis Sapphire,11,919,6360,6370,
BakerDAO,Reserve Currency,Berachain,11,8540,108168,108179,9291157.243780296
FWX,Derivatives,Avalanche, Base, BSC,11,99,378744,7554347,3241106.290884264
Nabla Finance,Dexs,Arbitrum, Base,10,1685,42292,42302,
Equilibre,Dexs,Kava,9,398,2028,319766,
Degen Express,Launchpad,Sonic,9,392,212765,212713,
SpiritSwap,Dexs,Fantom,9,1229,51052,32079149,
friend.tech,SoFi,Base,9,2333,296822,64264847,
KIM Exchange,Dexs,Mode,8,594,9208,34963,472881.379208287
Blasterswap,Dexs,Blast,8,2731,250947,743237,
Pingu Exchange,Derivatives,Arbitrum,7,1858,593893,1873273,0
Arbitrum Nova,Chain,Arbitrum Nova,7,292,127634,6683873,
BOB,Chain,BOB,7,1059,484606,761736,
IOTA EVM,Chain,IOTA EVM,7,398,5538,5670,
RadioShack,Dexs,Polygon, BSC, Avalanche,6,277,3119,199461,
Telos,Chain,Telos,6,451,11884,11884,
StellaSwap,Dexs,Moonbeam,6,736,40632,2684225,
SupSwap,Dexs,Mode,6,341,157751,242278,
Sudoswap,NFT Marketplace,Ethereum,5,1744,445765,4764863,2390914.5798703805
AirSwap,DEX Aggregator,Ethereum, Polygon, Avalanche, BSC, Arbitrum,4,629,86402,674999,7810292.990397351
Goat Protocol,Yield Aggregator,Arbitrum,4,192,6714,6718,343789.19293745124
Rockswap,Dexs,Bitrock,4,206,930,934,
MintSwap Finance,Dexs,Mint,4,237,88680,87809,
Velo Finance,Dexs,BSC,4,204,5275,5385,93588756.99987845
Movement,Chain,Movement,4,280,571,545,
Napier,Yield,Ethereum, Base, Sonic, Arbitrum, OP Mainnet, Fraxtal, Mantle, BSC, Polygon, Avalanche, Hyperliquid L1,3,4579,11201,11201,
GT3,Dexs,Polygon,3,134,508,511,
KCC,Chain,KCC,3,149,3161,841835,
Dove Swap,Dexs,Polygon zkEVM,3,164,1211,89771,
Chronos,Dexs,Arbitrum,3,96,2257,344752,
Solarbeam,Dexs,Moonriver,2,269,19240,8927174,97671.55511727286
MojitoSwap,Dexs,KCC,2,326,13722,3907865,0
KyotoSwap,Dexs,BSC,2,65,866,18043,
firefly,Dexs,Manta,2,40,14311,28747,
Royco Protocol,Yield,Ethereum, Arbitrum, Base, Corn, Sonic, Hyperliquid L1,2,931,1043813,1043353,
Beradrome,Yield,Berachain,2,358,18048,18050,
Puppyfun,Launchpad,BSC,2,657,1326,31018,
Sonicxswap,Dexs,Sonic,2,215,560,562,
Fraxtal,Chain,Fraxtal,2,1314,23119,23119,
Fuse,Chain,Fuse,2,135,2215,40118,
Harmony,Chain,Harmony,2,167,4393,5021,
Kroma,Chain,Kroma,2,72,53656,552189,
Redstone,Chain,Redstone,2,30,9204,38491,
SolidLizard,Dexs,Arbitrum,2,136,1797,1044284,
BitGenie,Dexs,Merlin,2,214,63689,57084,
Rubicon,Dexs,Ethereum, OP Mainnet, Arbitrum, Base,1,5,26,27,
Ferro,Dexs,Cronos,1,2168,106355,301040,1845067.5293201238
Scatter,NFT Marketplace,Ethereum,1,152,13936,390426,
Butter.xyz,Dexs,Mantle,1,73,2060,307854,
Horiza,Dexs,Arbitrum,1,52,394,11440,
Physica Finance,Dexs,Planq,1,34,510,500,
GraFun,Launchpad,BSC, Ethereum,1,124,1381890,1375931,
Hedgey,Payments,Ethereum, OP Mainnet, Arbitrum, Base, BSC, Scroll,1,13,960,959,
ZyberSwap,Dexs,Arbitrum,1,274,20538,2034290,21620.655661901263
Arbitrum Exchange,Dexs,Arbitrum,1,397,5764,350141,0
Hadouken Finance,Dexs,GodwokenV1,1,523,2132,2133,
ArthSwap,Dexs,Astar,1,137,7152,13275,
WBTC,Bridge,Ethereum,0,0,3506469,16252526,
Alchemix,Synthetics,Ethereum, Arbitrum, OP Mainnet,0,429,123480,1659093,22117467.772817366
Vesper,Yield Aggregator,Ethereum,0,7056,51746,79103,1513694.299867394
Firebird,DEX Aggregator,Avalanche, Fantom, Polygon, BSC, Cronos, Ethereum,0,,,169979,0
Elk,Dexs,Arbitrum, Avalanche, BSC, Fantom, Polygon, Gnosis, Ethereum, OP Mainnet,0,,16816,1746237,533087.5071564126
Tarot,Lending,Fantom, OP Mainnet,0,0,0,664328,6755069.175595191
Illuvium,Gaming,Immutable zkEVM,0,0,978520,978520,114469724.7738652
QiDao,CDP,Arbitrum, Polygon, OP Mainnet, Avalanche, Gnosis,0,0,1388,454778,2331982.7156708655
Plenty,Dexs,Tezos,0,,2714,22123,
Teddy Cash,CDP,Avalanche,0,0,6,99,21066.204242278076
Mobius Money,Dexs,Celo,0,114,290,290,
Reserve Protocol,Indexes,Ethereum,0,,155348,1540064,389211061.89472103
Geist Finance,Lending,Fantom,0,,,47278805,2950049.2543095406
Synapse,Cross Chain Bridge,Ethereum, OP Mainnet, Cronos, BSC, Polygon, Fantom, Boba, Metis, Moonbeam, Moonriver, Kaia, Arbitrum, Avalanche, DFK, Aurora, Harmony, Canto, Base,0,,1212902,31583256,34627733.870839566
Goldfinch,RWA Lending,Ethereum,0,25,3467997,31192403,67521476.81882314
DefiPlaza,Dexs,Ethereum, Radix,0,921,550074,399665,365122.4556948895
Furucombo,Services,Ethereum, Polygon, Arbitrum, OP Mainnet, Avalanche, Metis, Fantom, Base, Gnosis,0,28,2039,220951,529049.1948453884
Angle,CDP,Arbitrum, Avalanche, Ethereum, OP Mainnet, Polygon,0,,5629,9993592,3064574.5168854874
MinMax Finance,Dexs,IoTeX,0,25,79,79,0
Embr Finance,Dexs,Avalanche,0,1,10,10,
Gearbox,Lending,Ethereum,0,0,412,1295902,42469130.42098441
Zunami Protocol,Yield Aggregator,Ethereum,0,680,39948,60925,
LooksRare,NFT Marketplace,Ethereum,0,0,0,611431533,13431667.377109893
Buffer Finance,Options,Arbitrum,0,27473,253195,1198436,
X2Y2,NFT Lending,Ethereum,0,0,102650,8270364,535866.0474978677
Polaris Finance,Dexs,Aurora, Telos,0,43,1144,1141,0
Vesta Finance,CDP,Arbitrum,0,0,0,525008,
Concentrator,Yield,Ethereum,0,15859,213200,671981,238443.7275133915
0vix,Lending,Polygon,0,,,253600,
CLever,Yield,Ethereum,0,50277,970673,2092262,802727.5679157096
VaultCraft,Yield,Ethereum, OP Mainnet,0,0,1861,1861,5907414.2921915855
Azuro,Prediction Market,Polygon, Gnosis, Arbitrum, Linea, Chiliz,0,27,2477393,5793242,
Canto Lending,Lending,Canto,0,25299,45807,45807,
Junoswap,Dexs,Juno,0,,,1647639,0
GhostMarket,NFT Marketplace,NEO, BSC, Avalanche, Polygon, Ethereum, Phantasma, Base,0,,242,127908,
EMDX,Derivatives,Avalanche,0,0,0,575264,
KPerp Exchange,Derivatives,Kava,0,,,5380,
Mummy Finance,Derivatives,Fantom, OP Mainnet,0,63,889038,5637625,1517550.9831854333
Gyroscope Protocol,Dexs,Base, Ethereum, Avalanche, Arbitrum,0,807,154625,154625,24202029.673330463
Omax Swap,Dexs,Omax,0,37,397,912,
Liquid Bolt,Yield,Fantom, Arbitrum, BSC, Polygon,0,0,1575,15848,
Zonic,NFT Marketplace,OP Mainnet, Arbitrum, Arbitrum Nova, ZKsync Era, Polygon zkEVM, Base, Linea,0,0,0,79351,
NFTEarth,NFT Marketplace,OP Mainnet, Arbitrum, Polygon,0,,0,14606,464.8706419132613
Vela Exchange,Derivatives,Arbitrum, Base,0,,553646,7846583,56979.06564642057
Blast API,Developer Tools,Ethereum, BSC, Avalanche, Moonbeam, Fantom, Polygon, Gnosis, OP Mainnet,0,0,87752,308254,
GET Protocol,Services,Polygon,0,0,6926,993578,1968280.1171214974
PLEXUS,DEX Aggregator,Ethereum, BSC, Polygon, Fantom, Kava, Arbitrum, Avalanche, OP Mainnet, Kaia, Aurora,0,,273,668822,
Auragi Finance,Dexs,Arbitrum,0,,2,10900,
Forge,Dexs,Evmos,0,,6122,99636,
MERLIN DEX,Dexs,ZKsync Era,0,,,718,
LionDEX,Derivatives,Arbitrum,0,,,23454,
GND Protocol,Yield,Arbitrum,0,0,0,2826364,
TsunamiX,Derivatives,Mantle,0,271,11654,11654,
Kwenta,Derivatives,OP Mainnet,0,,1919596,21748817,5213320.223376643
Houdini Swap,DEX Aggregator,Ethereum,0,148618,3553582,5095689,15588064.129974531
Unlimited Network,Derivatives,Arbitrum,0,,1,89025,0
Equilibria,Yield,Ethereum, Arbitrum, BSC, OP Mainnet, Mantle,0,447908,2060822,2060822,12510389.152319403
USDO,CDP,Onus,0,0,0,1197,
Stealcam,NFT Marketplace,Arbitrum,0,0,2935,81310,
Pinnako,Derivatives,ZKsync Era,0,0,10,80053,0
DerpDEX,Dexs,ZKsync Era, Base,0,33,1185,85611,
Sobal,Dexs,Neon, Base,0,60,3055,13708,
0x0.ai,Privacy,Ethereum,0,0,20,106,72668800.04229425
FCON DEX,Dexs,Mantle,0,,,8571,
Safe,Services,Ethereum,0,105256,1865652,1865652,279538905.80388695
Gambit Trade,Derivatives,ZKsync Era, Arbitrum,0,0,8873,52368,
None Trading,Services,Ethereum,0,0,0,215835,
fx Protocol,CDP,Ethereum,0,545824,3616811,5339012,4525979.68848582
Sable Finance,CDP,BSC,0,0,63,63,
Meowl,Services,Ethereum,0,0,0,4744,4732.21967139936
YFX,Derivatives,Arbitrum,0,0,0,26300,0
Danogo,RWA,Cardano,0,0,0,1199,
FriendRoom,SoFi,Ethereum,0,0,29,114540,1862133.080575245
Liquis,Yield,Ethereum,0,0,303586,699837,
Valorem,Options,Arbitrum,0,,,609,
Nether.Fi,Derivatives,Base,0,,997,65770,
MonarchPay,Payments,Kava,0,0,0,0,
BlazeBot,Telegram Bot,Base,0,,,7,
Manga FI,Yield,Ethereum,0,0,2290,79190,
PostTechSoFi,SoFi,Arbitrum,0,0,4719,1069894,
cipher.rip,SoFi,Arbitrum,0,0,0,491952,
Friend3,SoFi,BSC, opBNB,0,5,435,38472,0
TangleSwap,Dexs,ShimmerEVM,0,0,24684,88365,
BLEX,Derivatives,Arbitrum,0,0,831,57886,
basedmarkets,Derivatives,Base,0,,0,277799,
Xena Finance,Derivatives,Base,0,,1833,253936,3610.0683194753665
Monocerus,Dexs,Avalanche, Manta,0,0,0,0,
Shuriken,Services,Ethereum,0,0,2100,811749,
Chainchat,SoFi,Base,0,99,853,76613,
Touch.fan,SoFi,ZKsync Era,0,0,0,3803,
PAAL AI,Telegram Bot,Ethereum,0,120040,5743121,13582923,101402938.0026887
IntentX,Derivatives,Base, Blast, Mantle, Arbitrum,0,,836656,1535672,
Goku Money,CDP,Manta,0,0,151,3237,
Keom Protocol,Lending,Polygon, Manta,0,0,3893,30880,
Substance Exchange,Derivatives,Arbitrum, ZetaChain,0,,261868,464617,
ChimpX AI,Dexs,Linea,0,0,1,2668,
Bear Vs Bull,Prediction Market,Polygon,0,0,3892,14028648,
Aimbot,Telegram Bot,Ethereum,0,0,23550,2526769,
JIBSWAP,Dexs,JBC,0,18,594,3641,
Surf Protocol,Derivatives,Merlin,0,0,3232150,5591956,
SquaDeFi,SoFi,Base,0,0,0,5,
Bank AI,Services,Ethereum,0,686,34245,1143451,
Lexer Markets,Derivatives,Arbitrum,0,0,297,6307,
Hyperion Exchange,Derivatives,Zkfair,0,,42,830099,
Omnidrome,Dexs,ZetaChain,0,0,10,361,
SOBAX,Derivatives,Polygon,0,0,0,0,0
Orby Network,CDP,Cronos,0,198,9964,131787,0
Juice Finance,Leveraged Farming,Blast,0,0,3061,3061,239522.44801642638
Pac Finance,Lending,Blast,0,71870,123149,123149,
Lens Protocol,SoFi,Polygon,0,85,1035307,2278977,
Lava,Lending,Arbitrum,0,0,2774692,2774692,
Stability,Liquidity manager,Sonic,0,66,60389,60389,
Swych Perpetual,Derivatives,BSC,0,0,904,1340,
OptionBlitz,Options,Arbitrum,0,0,187,1531,
Web3.world,Dexs,Venom,0,0,201442,650372,0
FeeFree,Dexs,Zora, Base, Scroll,0,0,424,505,
TLX Finance,Derivatives,OP Mainnet,0,0,616678,722219,2146969.9864377617
Viridian Exchange,Dexs,CORE,0,0,21370,23335,
Zeno Exchange,Derivatives,Metis,0,,276532,339107,
YFX V4,Derivatives,Arbitrum, Base,0,46,20900,35963,
Basecamp,Launchpad,Base,0,16,25106,40361,
Cellula,Gaming,BSC,0,298,915950,2371802,
wen markets,Launchpad,Polygon,0,0,13169,13169,
time.fun,SoFi,Base,0,361,91962,91962,
scoop,SoFi,Base,0,14,23755,23754,
D2 Finance,Onchain Capital Allocator,Arbitrum, Ethereum, Berachain,0,1512587,2040593,2065500,
Paxos Gold,RWA,Ethereum,0,0,52483,99621,802102167.0059656
Ducata,Yield,Arbitrum,0,0,0,0,
SpaceWhale,Derivatives,Arbitrum,0,0,1452,1129,
Scribe V4,Dexs,Scroll,0,0,0,0,
Demented Games,Prediction Market,Fuse,0,,49,197,
MEMECAST.AI,Prediction Market,Solana,0,,392045,390802,
Bellum Exchange,Launchpad,Avalanche,0,0,61385,61385,
BCraft,Gaming,Base,0,0,1655,1655,
TanukiX,Dexs,Taiko,0,0,0,0,
XTrade,Dexs,X Layer,0,0,0,0,
Apex DeFi,Dexs,Avalanche, Base, Ethereum,0,83,10562,10550,
Superchain,Services,Base, Ethereum,0,963769,27028133,28013086,
Erinaceus VRF,Oracle,Bahamut,0,0,0,0,
Meme Cooking,Launchpad,Near,0,0,14244,13815,
Falcon Bot,Telegram Bot,Solana,0,8,2789,2785,
makenow.meme,Launchpad,Solana,0,44947,55036,55036,
LSP.Finance,Staking Pool,Arbitrum,0,0,1026,1026,
Yamfore,Lending,Cardano,0,0,66048,66048,0
maxAPY,Yield Aggregator,Ethereum, Polygon,0,2,134,134,
Quenta,Derivatives,IoTeX,0,0,4,16,
g8keep,Launchpad,Base,0,0,98,98,
Hydrometer Finance,Dexs,Base,0,0,0,0,
Emojicoin.fun,Launchpad,Aptos,0,3864,211254,574351,
MemeWe.Club,Launchpad,Base,0,,1445,1308,
Rings,Yield Aggregator,Sonic,0,286064,1171192,1171192,
MemeJob,Launchpad,Hedera,0,0,226041,226041,
SATOSHI PERPS,Derivatives,CORE,0,0,22720,22720,
VolBoost,Volume Boosting,Ethereum, Base, BSC,0,21161,185106,185106,
Crypto Valley Exchange,Derivatives,Arbitrum,0,1199,24795,24797,
Zarban,Lending,Arbitrum,0,,3327,3305,
ArtexSwap,Dexs,Artela,0,,282,270,
NOXA,Dexs,Abstract,0,0,23339,23339,
ZOO.FUN,Launchpad,Abstract,0,3,7943,7943,
Quill Finance,CDP,Scroll,0,0,2523,2523,
VinuFinance,Lending,VinuChain,0,0,0,225,
waveX,Derivatives,Soneium,0,20425,67886,67886,
Mondrian Swap,Dexs,Abstract,0,0,54221,54221,
Unleash Protocol,Lending,Story,0,0,0,0,
Fibonacci Dex,Dexs,Form Network,0,1,317,317,
ERC Burner,DEX Aggregator,Ethereum, Arbitrum, Base, BSC, Avalanche, OP Mainnet, Blast, Polygon, ZKsync Era,0,11,276,276,
TRONSAVE,Services,Tron,0,678430,3985058,4640005,
Chedda Finance,Lending,Base,0,47,143,143,
Aave-Chan,DAO Service Provider,Ethereum,0,21897,399761,394289,
getHemiNames,Domains,Hemi,0,0,121,121,
Finder Bot,AI Agents,Solana,0,0,9674,9674,0
Privacy Pools,Privacy,Ethereum,0,0,114,114,
HARD Swap,Dexs,Kava,0,0,0,0,
Catex,Dexs,Polygon,0,0,0,0,
Razor DEX,Dexs,Movement,0,198,236,231,
Echo.xyz,Private Investment Platform,Base,0,69991,741041,741041,
LobbyFi,Governance Incentives,Arbitrum, ZKsync Era, Manta, Blast, OP Mainnet, Scroll,0,0,18312,18312,
Fence Finance,Risk Curators,Ethereum,0,0,0,0,
Silent Protocol,Privacy,Ethereum,0,115,115,115,
FastJPEG,Launchpad,Base,0,772,1350,1350,
Eden Relay,MEV,Ethereum,0,0,35,1855190,
Berachain Bribes,Chain,Berachain,0,0,0,0,
Mint Park,NFT Marketplace,Hemi,0,37,78,78,
BitcoinBridge.app,Bridge,Bitcoin, Ethereum,0,14,14,14,
Haiku,DEX Aggregator,Ethereum, Base, Arbitrum, Sonic, Berachain, BSC,0,0,0,0,
Ancient8,Chain,Ancient8,0,67,18051,36618,
Asset Chain,Chain,Asset Chain,0,0,14,14,
Canto,Chain,Canto,0,,0,232353,
EnergyWeb,Chain,EnergyWeb,0,4,262,365,
HashKey Chain,Chain,HashKey Chain,0,0,1,1,
K2,Chain,K2,0,41,347,347,
Kardia,Chain,Kardia,0,0,1,276,
LightLink,Chain,LightLink,0,0,0,0,
Moonbeam,Chain,Moonbeam,0,,29271,697546,
Nuls,Chain,Nuls,0,16,6161,109544,
DeFiVerse,Chain,Oasys,0,0,0,0,
Polynomial,Chain,Polynomial,0,0,0,0,
ShimmerEVM,Chain,ShimmerEVM,0,8,1397,19786,
Syscoin,Chain,Syscoin,0,0,0,0,
ThunderCore,Chain,ThunderCore,0,0,0,0,
Velas,Chain,Velas,0,1,149,783,
Waves,Chain,Waves,0,6039,65473,1688383,
Ribbon Finance,Options Vault,Ethereum, Avalanche,0,,134002,9457808,
Abracadabra,CDP,Ethereum, Fantom, Avalanche, BSC, Arbitrum,0,,264295,75803897,
Premia,Options,Ethereum, Arbitrum, Fantom, OP Mainnet,0,0,16228,415047,5087766.872718972
ApeBond,Dexs,BSC, Ethereum, Polygon, Arbitrum,0,0,517234,36995270,
Yield Yak,Yield Aggregator,Avalanche,0,4444,120976,3153420,2366485.384834256
Pika Protocol,Derivatives,OP Mainnet,0,0,0,1251483,
BeamSwap,Dexs,Moonbeam,0,93,114502,1645026,
SMBSwap,Dexs,BSC,0,0,463,3198,
Predy Finance,Derivatives,Arbitrum,0,0,0,10079,
Hydradex,Dexs,Hydra,0,,9857,88093,
UNCX Network,Token Locker,Ethereum,0,9998,3256337,14040602,
Metavault,Derivatives,Polygon, Linea, Scroll,0,0,1209,2318396,
UniDex,Derivatives,OP Mainnet, ZKsync Era, Arbitrum, Base, Fantom, Metis, Evmos,0,,168969,1126296,
MM Finance,Dexs,Polygon,0,0,2196,2561150,
Tangible,RWA,Polygon,0,0,25,442542,
Cetus,Dexs,Sui,0,10635206,72935627,83299403,
Archly Finance,Dexs,Telos,0,0,2,6761,
PepeTeam,Liquid Staking,Waves,0,8938,131591,290605,
EDE,Derivatives,Arbitrum, Base,0,0,0,5122868,111279.70237337786
Y2K Finance,Derivatives,Arbitrum,0,0,42,618165,263969.75173204695
Level Finance,Derivatives,BSC, Arbitrum,0,,404615,34326504,
BlueMove,NFT Marketplace,Aptos,0,0,120,48240,
Alpaca Finance,Derivatives,BSC,0,306,11769,11769,
Morphex,Derivatives,Fantom, BSC,0,,8387,2490015,
Covo Finance,Derivatives,Polygon,0,0,0,86424,
Sharpe AI,Yield,Arbitrum, OP Mainnet, Base,0,0,725,7751,
Maia DAO Ecosystem,Dexs,Metis,0,107,6205,320443,
Juicebox,Launchpad,Ethereum,0,4615,299984,521086,
Rollup Finance,Derivatives,ZKsync Era,0,,0,64444,
Cryptex Finance,Derivatives,Arbitrum,0,0,809,15400,
PearlFi,Dexs,Polygon,0,40,1056,78477,
Mango Markets,Derivatives,Solana,0,,221245,366247,
DexFinance,Dexs,Arbitrum,0,0,28687,27715,
Velocimeter,Dexs,Fantom,0,143,84019,274079,
Grizzlyfi,Derivatives,BSC,0,,6567,82543,30627.25677360331
DackieSwap,Dexs,Base, OP Mainnet, Blast, Mode, X Layer, Linea, Arbitrum,0,,82579,267585,165388.00041663946
Prisma Finance,CDP,Ethereum,0,35,1278444,12289593,
Inception,Yield,Ethereum,0,2974,110329,220813,
VaporDex,Dexs,Avalanche,0,60,523,2342,
Equation,Derivatives,Arbitrum,0,,21288,1298288,
XOXNO,NFT Marketplace,MultiversX,0,,0,782430,
Voodoo Trade,Derivatives,Base,0,0,291,47935,
Stryke,Options,Arbitrum, Sonic, Base, Blast, Mantle,0,355,204471,434383,
Ascent Exchange,Dexs,Horizen EON,0,0,4269,38883,
Nile Exchange,Dexs,Linea,0,,1750612,2635194,
SwapMode,Dexs,Mode,0,315,40480,228900,0
Superstate,RWA,Ethereum,0,0,141947,141947,
Moraswap,Dexs,Neon,0,0,43,394,
Keller Finance,Dexs,Scroll,0,0,103,1794,
Wise Lending,Lending,Arbitrum,0,0,740,740,
Fjord Foundry,Launchpad,Ethereum, Polygon, Arbitrum, Avalanche, Base, Blast, BSC,0,0,292241,20473213,1240493.6392645985
VanillaSwap,Dexs,DeFiChain EVM,0,72,17559,17556,
LineHub,Dexs,Linea,0,16,5748,7211,
Umoja Protocol,Options,Arbitrum,0,0,75674,75674,
Torch Finance,Dexs,TON,0,,3,3,
DTX,Dexs,Taiko,0,19,727,727,
Trado Finance,Derivatives,Flow,0,0,3299,3298,
SuperSwap,Dexs,OP Mainnet,0,3,3936,3934,
RFX Exchange,Derivatives,ZKsync Lite,0,1468,236091,155383,
Filament Finance,Derivatives,Sei,0,,18245,18243,
Beralis Dex,Dexs,Berachain,0,,3,4,
DFX Finance,Dexs,Base,0,202,1206,1206,